{
    "Logistic Regression": {
        "accuracy": 0.5914,
        "report": {
            "0": {
                "precision": 0.4792219274977896,
                "recall": 0.6049107142857143,
                "f1-score": 0.5347804637395165,
                "support": 896.0
            },
            "1": {
                "precision": 0.1917960088691796,
                "recall": 0.3145454545454546,
                "f1-score": 0.23829201101928374,
                "support": 550.0
            },
            "2": {
                "precision": 0.23924268502581755,
                "recall": 0.3787465940054496,
                "f1-score": 0.29324894514767935,
                "support": 734.0
            },
            "3": {
                "precision": 0.30296720458094745,
                "recall": 0.4139402560455192,
                "f1-score": 0.34986474301172227,
                "support": 1406.0
            },
            "4": {
                "precision": 0.8884111384111384,
                "recall": 0.6764889304646087,
                "f1-score": 0.7681005487696938,
                "support": 6414.0
            },
            "accuracy": 0.5914,
            "macro avg": {
                "precision": 0.4203277928769745,
                "recall": 0.47772638986934923,
                "f1-score": 0.43685734233757917,
                "support": 10000.0
            },
            "weighted avg": {
                "precision": 0.6834715714134872,
                "recall": 0.5914,
                "f1-score": 0.6243975375792906,
                "support": 10000.0
            }
        }
    },
    "Naive Bayes": {
        "accuracy": 0.5629,
        "report": {
            "0": {
                "precision": 0.4200949367088608,
                "recall": 0.5926339285714286,
                "f1-score": 0.49166666666666664,
                "support": 896.0
            },
            "1": {
                "precision": 0.20310765815760268,
                "recall": 0.3327272727272727,
                "f1-score": 0.25223983459682975,
                "support": 550.0
            },
            "2": {
                "precision": 0.22062780269058296,
                "recall": 0.335149863760218,
                "f1-score": 0.2660897782585181,
                "support": 734.0
            },
            "3": {
                "precision": 0.28011336797354747,
                "recall": 0.4217638691322902,
                "f1-score": 0.3366449049105876,
                "support": 1406.0
            },
            "4": {
                "precision": 0.8855094503584618,
                "recall": 0.6354848768319301,
                "f1-score": 0.7399473540891349,
                "support": 6414.0
            },
            "accuracy": 0.5629,
            "macro avg": {
                "precision": 0.40189064317781115,
                "recall": 0.46355196220462797,
                "f1-score": 0.4173177077043474,
                "support": 10000.0
            },
            "weighted avg": {
                "precision": 0.672355209242269,
                "recall": 0.5629,
                "f1-score": 0.599392020503534,
                "support": 10000.0
            }
        }
    },
    "Random Forest": {
        "accuracy": 0.6865,
        "report": {
            "0": {
                "precision": 0.5281933256616801,
                "recall": 0.5122767857142857,
                "f1-score": 0.5201133144475921,
                "support": 896.0
            },
            "1": {
                "precision": 0.5871559633027523,
                "recall": 0.11636363636363636,
                "f1-score": 0.19423368740515934,
                "support": 550.0
            },
            "2": {
                "precision": 0.41645244215938304,
                "recall": 0.22070844686648503,
                "f1-score": 0.28851291184327693,
                "support": 734.0
            },
            "3": {
                "precision": 0.43499511241446726,
                "recall": 0.31650071123755336,
                "f1-score": 0.36640592836558256,
                "support": 1406.0
            },
            "4": {
                "precision": 0.7536136662286466,
                "recall": 0.8941378235110695,
                "f1-score": 0.8178836280661723,
                "support": 6414.0
            },
            "accuracy": 0.6865,
            "macro avg": {
                "precision": 0.5440821019533859,
                "recall": 0.4119974807386059,
                "f1-score": 0.43742989402555665,
                "support": 10000.0
            },
            "weighted avg": {
                "precision": 0.6547154275399647,
                "recall": 0.6865,
                "f1-score": 0.6545690860809283,
                "support": 10000.0
            }
        }
    },
    "Ensemble": {
        "accuracy": 0.6859,
        "report": {
            "0": {
                "precision": 0.5624394966118103,
                "recall": 0.6484375,
                "f1-score": 0.6023846552617936,
                "support": 896.0
            },
            "1": {
                "precision": 0.2686804451510334,
                "recall": 0.30727272727272725,
                "f1-score": 0.2866836301950806,
                "support": 550.0
            },
            "2": {
                "precision": 0.3267670915411356,
                "recall": 0.38419618528610355,
                "f1-score": 0.35316217908578584,
                "support": 734.0
            },
            "3": {
                "precision": 0.41926140477914553,
                "recall": 0.4118065433854908,
                "f1-score": 0.4155005382131324,
                "support": 1406.0
            },
            "4": {
                "precision": 0.8611749261568756,
                "recall": 0.8182101652634861,
                "f1-score": 0.8391429485129517,
                "support": 6414.0
            },
            "accuracy": 0.6859,
            "macro avg": {
                "precision": 0.4876646728480001,
                "recall": 0.5139846242415615,
                "f1-score": 0.4993747902537488,
                "support": 10000.0
            },
            "weighted avg": {
                "precision": 0.7004624590478122,
                "recall": 0.6859,
                "f1-score": 0.6923090315660564,
                "support": 10000.0
            }
        }
    }
}